label,pair,lit_mean,unlit_mean,flash_gain,ratio_hp,diff_hp,glint_r,glint_l,glint_native_r,glint_native_l,surround,reflectance,face_px,exposure
real,1,71.1,4.0,17.897,0.1241,0.0988,1.74,1.50,2.21,1.59,0.324,0.2845,87,267
real,2,70.7,4.0,17.791,0.1236,0.0987,1.65,1.53,2.30,1.57,0.325,0.2849,88,267
real,3,70.8,4.0,17.855,0.1269,0.0998,1.66,1.50,2.18,1.74,0.330,0.2842,87,267
real,4,66.2,4.0,16.617,0.1516,0.1133,1.65,1.71,1.76,1.83,0.363,0.2844,89,267
real,5,71.0,4.0,17.851,0.1221,0.0984,1.81,1.53,2.26,1.70,0.320,0.2839,87,267
real,6,71.0,4.0,17.885,0.1245,0.0983,1.89,1.52,2.23,1.61,0.319,0.2843,86,267
real,7,71.3,4.0,17.975,0.1202,0.0961,1.63,1.53,1.98,1.60,0.330,0.2832,87,267
real,8,71.0,4.0,17.870,0.1222,0.0968,1.77,1.53,2.02,1.64,0.328,0.2841,87,267
real,9,70.4,4.0,17.721,0.1260,0.0999,1.87,1.56,2.18,1.74,0.323,0.2843,87,267
real,10,71.1,4.0,17.905,0.1221,0.0983,1.97,1.87,2.31,2.06,0.313,0.2837,87,267
real,11,70.9,4.0,17.830,0.1237,0.0989,1.80,1.58,2.11,1.93,0.324,0.2844,87,267
real,12,71.3,4.0,17.961,0.1234,0.0980,1.73,1.53,2.15,1.73,0.319,0.2839,86,267
real,13,71.0,4.0,17.875,0.1248,0.0990,1.75,1.53,2.21,1.71,0.328,0.2835,87,267
real,14,71.2,4.0,17.928,0.1224,0.0983,1.78,1.52,2.15,1.60,0.313,0.2839,86,267
real,15,71.3,4.0,17.940,0.1225,0.0973,1.60,1.51,2.04,1.83,0.313,0.2836,87,267
real,16,70.8,4.0,17.808,0.1245,0.0991,1.76,1.69,2.05,1.86,0.331,0.2849,87,267
real,17,70.8,4.0,17.796,0.1227,0.0983,1.68,1.82,1.94,1.96,0.322,0.2849,87,267
real,18,71.0,4.0,17.889,0.1229,0.0978,1.79,1.54,2.01,1.79,0.327,0.2838,87,267
real,19,70.7,4.0,17.758,0.1224,0.0991,1.75,1.64,2.18,1.71,0.318,0.2843,87,267
real,20,71.1,4.0,17.887,0.1213,0.0980,1.76,1.58,2.11,1.79,0.319,0.2834,87,267
real,21,71.0,4.0,17.855,0.1223,0.0980,1.72,1.63,2.04,1.84,0.323,0.2836,87,267
real,22,71.0,4.0,17.882,0.1213,0.0971,1.65,1.51,2.10,1.60,0.319,0.2835,87,267
real,23,70.8,4.0,17.808,0.1236,0.0984,1.86,1.56,2.21,1.67,0.319,0.2843,87,267
real,24,71.2,4.0,17.906,0.1209,0.0979,1.92,1.56,2.34,1.81,0.318,0.2837,87,267
real,25,70.4,4.0,17.707,0.1275,0.1009,2.00,1.66,2.40,2.00,0.333,0.2838,87,267
real,26,70.6,4.0,17.725,0.1240,0.0994,1.69,1.67,2.33,2.02,0.319,0.2838,87,267
real,27,70.5,4.0,17.760,0.1263,0.0998,1.77,1.64,2.23,1.81,0.313,0.2839,87,267
real,28,71.1,4.0,17.888,0.1222,0.0980,1.82,1.53,2.06,1.65,0.312,0.2845,87,267
real,29,70.8,4.0,17.807,0.1241,0.0989,1.70,1.51,2.09,1.69,0.329,0.2836,87,267
real,30,71.3,4.0,17.955,0.1221,0.0972,1.80,1.52,2.11,1.70,0.322,0.2844,87,267
real,31,70.6,4.0,17.796,0.1263,0.0999,1.65,1.49,2.19,1.81,0.330,0.2839,87,267
real,32,71.2,4.0,17.946,0.1236,0.0978,1.68,1.48,2.48,1.93,0.319,0.2837,87,267
real,33,71.0,4.0,17.879,0.1225,0.0987,1.82,1.50,2.41,1.91,0.327,0.2844,86,267
real,34,70.6,4.0,17.722,0.1237,0.0997,1.73,1.52,2.04,1.66,0.328,0.2834,87,267
real,35,70.9,4.0,17.846,0.1228,0.0985,1.71,1.65,2.07,1.98,0.320,0.2837,87,267
real,36,70.5,4.0,17.795,0.1261,0.0998,1.71,1.64,2.25,2.01,0.310,0.2834,87,267
real,37,70.7,4.0,17.774,0.1234,0.0992,1.72,1.55,1.93,1.88,0.320,0.2835,87,267
real,38,70.0,4.0,17.607,0.1284,0.1010,1.80,1.56,2.23,1.83,0.330,0.2835,87,267
real,39,70.4,4.0,17.717,0.1275,0.1006,1.86,1.51,2.38,1.77,0.334,0.2832,87,267
real,40,71.3,4.0,17.932,0.1213,0.0977,1.66,1.50,2.21,1.54,0.326,0.2834,87,267
real,41,70.5,4.0,17.753,0.1266,0.1004,1.59,1.52,1.94,1.66,0.320,0.2839,87,267
real,42,71.1,4.0,17.889,0.1211,0.0969,1.79,1.52,1.92,1.66,0.320,0.2842,87,267
real,43,70.2,4.0,17.678,0.1266,0.1006,1.60,1.62,2.01,1.79,0.319,0.2848,87,267
real,44,70.8,4.0,17.789,0.1235,0.0987,1.81,1.58,1.93,1.72,0.320,0.2835,87,267
real,45,70.8,4.0,17.792,0.1245,0.0988,1.66,1.52,2.04,1.60,0.330,0.2834,86,267
real,46,70.9,4.0,17.829,0.1212,0.0982,1.71,1.52,1.87,1.64,0.320,0.2839,87,267
real,47,70.4,4.0,17.729,0.1263,0.1002,1.61,1.54,2.18,1.68,0.314,0.2831,87,267
real,48,70.7,4.0,17.815,0.1255,0.0993,1.73,1.57,2.13,1.84,0.319,0.2840,87,267
real,49,70.8,4.0,17.820,0.1236,0.0991,1.84,1.53,2.27,2.03,0.319,0.2840,87,267
real,50,71.2,4.0,17.907,0.1215,0.0977,1.76,1.61,2.07,1.91,0.312,0.2843,86,267
real,51,70.9,4.0,17.826,0.1246,0.0997,1.61,1.49,2.14,1.90,0.331,0.2845,87,267
real,52,71.0,4.0,17.855,0.1242,0.0994,1.71,1.52,2.33,1.86,0.312,0.2844,86,267
real,53,71.0,4.0,17.890,0.1228,0.0985,1.80,1.67,2.21,1.80,0.315,0.2837,87,267
real,54,70.7,4.0,17.769,0.1247,0.1001,1.88,1.62,2.08,1.92,0.318,0.2845,87,267
real,55,70.8,4.0,17.848,0.1238,0.0987,1.80,1.55,2.00,1.92,0.319,0.2844,87,267
real,56,70.9,4.0,17.831,0.1230,0.0990,1.70,1.66,2.08,1.91,0.318,0.2840,87,267
real,57,70.8,4.0,17.842,0.1278,0.1002,1.65,1.49,2.17,1.80,0.322,0.2844,87,267
real,58,70.8,4.0,17.826,0.1228,0.0986,1.59,1.77,2.45,1.91,0.318,0.2845,87,267
real,59,70.9,4.0,17.828,0.1232,0.0991,2.01,1.83,2.43,1.95,0.313,0.2834,87,267
real,60,70.7,4.0,17.770,0.1237,0.0995,1.74,1.64,2.18,1.69,0.313,0.2838,87,267
real,61,70.6,4.0,17.758,0.1254,0.0995,1.64,1.65,2.04,1.88,0.318,0.2841,87,267
real,62,70.8,4.0,17.827,0.1247,0.0995,1.80,1.51,2.14,1.95,0.318,0.2841,87,267
real,63,70.9,4.0,17.824,0.1235,0.0987,1.88,1.52,2.04,1.77,0.319,0.2838,87,267
real,64,70.9,4.0,17.837,0.1232,0.0990,1.81,1.52,2.29,1.80,0.319,0.2834,87,267
real,65,70.9,4.0,17.803,0.1227,0.0992,1.88,1.57,2.38,1.94,0.319,0.2835,87,267
real,66,70.6,4.0,17.755,0.1244,0.0994,1.93,1.66,2.21,1.84,0.322,0.2838,87,267
real,67,71.1,4.0,17.868,0.1221,0.0984,1.65,1.52,2.03,1.73,0.319,0.2834,87,267
real,68,71.5,4.0,17.996,0.1207,0.0964,1.66,1.50,2.00,1.72,0.318,0.2837,87,267
real,69,66.4,4.0,16.670,0.1500,0.1125,1.60,1.91,1.66,1.98,0.360,0.2820,89,267
real,70,70.9,4.0,17.839,0.1232,0.0977,1.78,1.55,2.02,1.71,0.311,0.2845,87,267
real,71,70.9,4.0,17.840,0.1230,0.0988,1.67,1.52,2.40,1.93,0.314,0.2830,87,267
real,72,70.7,4.0,17.803,0.1233,0.0989,2.06,1.55,2.32,1.88,0.321,0.2831,87,267
real,73,71.4,4.0,17.996,0.1207,0.0964,1.72,1.51,2.28,1.86,0.309,0.2827,86,267
real,74,70.3,4.0,17.683,0.1255,0.1004,1.62,1.50,2.13,1.72,0.329,0.2835,87,267
real,75,70.3,4.0,17.689,0.1267,0.1004,1.61,1.53,2.00,1.73,0.329,0.2834,87,267
real,76,70.5,4.0,17.746,0.1237,0.0989,1.64,1.53,2.05,1.69,0.314,0.2834,87,267
real,77,70.5,4.0,17.751,0.1257,0.0993,1.82,1.56,1.97,1.78,0.317,0.2836,87,267
real,78,70.7,4.0,17.805,0.1267,0.1005,1.85,1.63,2.11,1.77,0.314,0.2832,87,267
real,79,70.4,4.0,17.712,0.1276,0.1006,1.62,1.72,2.14,2.04,0.330,0.2841,87,267
real,80,70.8,4.0,17.821,0.1235,0.0982,1.66,1.57,2.12,2.09,0.318,0.2841,87,267
real,81,70.7,4.0,17.783,0.1244,0.0997,1.86,1.52,2.34,2.17,0.327,0.2841,86,267
real,82,70.2,4.0,17.644,0.1255,0.1009,1.80,1.84,2.25,2.21,0.323,0.2839,87,267
real,83,70.5,4.0,17.781,0.1256,0.0999,1.80,1.70,2.03,2.07,0.316,0.2831,87,267
real,84,70.3,4.0,17.677,0.1265,0.1010,1.79,1.54,2.06,1.90,0.320,0.2835,87,267
real,85,70.6,4.0,17.767,0.1245,0.1000,1.61,1.58,2.14,1.92,0.321,0.2830,87,267
real,86,70.1,4.0,17.610,0.1275,0.1015,2.02,1.72,2.19,2.09,0.329,0.2839,87,267
real,87,70.8,4.0,17.822,0.1251,0.0987,1.88,1.69,2.25,2.13,0.314,0.2833,86,267
real,88,70.2,4.0,17.668,0.1267,0.1004,2.08,1.90,2.59,2.22,0.320,0.2828,87,267
real,89,70.0,4.0,17.648,0.1312,0.1027,1.86,1.69,2.59,2.34,0.329,0.2838,87,267
real,90,66.8,4.0,16.800,0.1504,0.1138,2.09,1.88,2.14,2.43,0.345,0.2822,90,267
real,91,70.7,4.0,17.779,0.1251,0.0997,1.75,1.81,2.35,2.34,0.319,0.2843,87,267
real,92,70.2,4.0,17.675,0.1261,0.1010,1.81,1.76,2.45,2.19,0.329,0.2841,87,267
real,93,67.2,4.0,16.896,0.1475,0.1120,1.98,1.61,2.05,2.46,0.344,0.2825,89,267
real,94,70.5,4.0,17.723,0.1235,0.0994,1.91,1.70,2.51,2.12,0.313,0.2829,87,267
real,95,70.3,4.0,17.676,0.1287,0.1013,2.04,1.55,2.30,2.23,0.319,0.2839,87,267
real,96,70.6,4.0,17.735,0.1219,0.0994,1.75,1.80,2.30,2.02,0.328,0.2829,86,267
real,97,67.5,4.0,16.983,0.1437,0.1097,1.61,1.57,1.71,1.97,0.352,0.2820,89,267
real,98,70.2,4.0,17.675,0.1261,0.1000,1.58,1.76,2.19,2.07,0.319,0.2840,87,267
real,99,70.5,4.0,17.745,0.1242,0.1001,2.00,1.57,2.46,2.11,0.320,0.2829,87,267
real,100,70.5,4.0,17.737,0.1255,0.1001,1.70,1.80,2.41,2.33,0.319,0.2839,86,267
real,101,66.7,4.0,16.792,0.1491,0.1142,2.07,1.93,2.19,2.47,0.352,0.2817,90,267
real,102,70.4,4.0,17.727,0.1247,0.0992,1.66,1.89,2.35,2.24,0.319,0.2840,87,267
real,103,70.6,4.0,17.784,0.1256,0.0986,1.70,1.93,2.13,2.17,0.319,0.2841,87,267
real,104,70.9,4.0,17.848,0.1235,0.0995,2.03,1.63,2.45,2.14,0.315,0.2827,87,267
real,105,70.7,4.0,17.777,0.1244,0.1000,2.16,1.88,2.65,2.35,0.312,0.2844,86,267
real,106,70.4,4.0,17.734,0.1281,0.1018,2.17,2.00,2.69,2.45,0.319,0.2843,86,267
real,107,70.5,4.0,17.726,0.1249,0.1000,2.02,1.61,2.38,2.22,0.312,0.2840,87,267
real,108,71.1,4.0,17.882,0.1219,0.0977,1.66,1.63,2.43,2.13,0.312,0.2844,86,267
real,109,70.2,4.0,17.654,0.1291,0.1011,1.64,1.63,2.18,2.27,0.329,0.2837,87,267
real,110,70.4,4.0,17.709,0.1265,0.1002,1.93,1.58,2.12,2.24,0.319,0.2840,87,267
